first_commit,author
2018-02-12 12:56:11,Miguel Ángel Fernández
2018-01-09 15:40:57,Israel Herraiz
2017-12-07 18:54:53,david
2017-11-24 13:05:47,Alberto Pérez García-Plaza
2017-10-17 22:46:36,David Esler
2017-10-10 16:27:29,valerio
2017-09-14 12:14:04,Valerio Cosentino
2017-09-07 14:46:30,valerio cosentino
2017-08-04 12:03:03,Ali Ghassabian
2017-07-05 18:45:38,Daniel Izquierdo
2017-01-09 16:52:56,Stephan Barth
2016-11-17 16:59:44,alpgarcia
2016-11-03 15:40:38,David Pose Fernández
2016-07-07 11:53:40,dpose
2016-07-06 10:38:13,Luis Canas-Diaz
2016-07-04 15:37:37,Quan Zhou
2016-04-01 12:16:29,quan
2016-03-28 11:08:04,camillem
2016-03-10 17:38:07,Luis Cañas Díaz
2016-03-10 17:36:30,Luis Cañas-Díaz
2016-03-05 08:04:02,J. Manrique Lopez de la Fuente
2016-02-09 15:56:45,Alberto Martín
2015-12-31 19:16:25,Jesus M. Gonzalez-Barahona
2015-09-30 18:15:16,Alvaro del Castillo
2015-08-18 18:08:27,Santiago Dueñas
